"DJ"	"DAS"	"sim"	"Expe"	"Type"
19	1	0	"SILIGOOT"	"monocrop_aviso"
39	2	0	"SILIGOOT"	"monocrop_aviso"
58	3	0	"SILIGOOT"	"monocrop_aviso"
79	4	0	"SILIGOOT"	"monocrop_aviso"
98	5	0	"SILIGOOT"	"monocrop_aviso"
115	6	0.798033929468753	"SILIGOOT"	"monocrop_aviso"
134	7	1.06075529549379	"SILIGOOT"	"monocrop_aviso"
149	8	1.3277617988379	"SILIGOOT"	"monocrop_aviso"
163	9	1.63702392681126	"SILIGOOT"	"monocrop_aviso"
177	10	2.01793189938604	"SILIGOOT"	"monocrop_aviso"
190	11	2.45006234323289	"SILIGOOT"	"monocrop_aviso"
206	12	3.10989129170724	"SILIGOOT"	"monocrop_aviso"
224	13	4.06452815693664	"SILIGOOT"	"monocrop_aviso"
243	14	5.38719449697865	"SILIGOOT"	"monocrop_aviso"
262	15	7.1320362538569	"SILIGOOT"	"monocrop_aviso"
281	16	9.42765254285459	"SILIGOOT"	"monocrop_aviso"
296	17	11.734890778037	"SILIGOOT"	"monocrop_aviso"
315	18	15.4500735740423	"SILIGOOT"	"monocrop_aviso"
335	19	20.5660599769702	"SILIGOOT"	"monocrop_aviso"
353	20	26.4988868594483	"SILIGOOT"	"monocrop_aviso"
365	21	31.2957463329458	"SILIGOOT"	"monocrop_aviso"
379	22	37.880357722657	"SILIGOOT"	"monocrop_aviso"
393	23	45.6670882220584	"SILIGOOT"	"monocrop_aviso"
409	24	56.216476277282	"SILIGOOT"	"monocrop_aviso"
428	25	71.2628723297586	"SILIGOOT"	"monocrop_aviso"
446	26	88.1965563674987	"SILIGOOT"	"monocrop_aviso"
465	27	108.892236273675	"SILIGOOT"	"monocrop_aviso"
483	28	130.931871374872	"SILIGOOT"	"monocrop_aviso"
501	29	154.850961666941	"SILIGOOT"	"monocrop_aviso"
522	30	184.172709879415	"SILIGOOT"	"monocrop_aviso"
534	31	201.11093600787	"SILIGOOT"	"monocrop_aviso"
543	32	213.693481722013	"SILIGOOT"	"monocrop_aviso"
551	33	224.690309227527	"SILIGOOT"	"monocrop_aviso"
560	34	236.756553224889	"SILIGOOT"	"monocrop_aviso"
574	35	254.676662964037	"SILIGOOT"	"monocrop_aviso"
592	36	275.810625469754	"SILIGOOT"	"monocrop_aviso"
607	37	291.532284937813	"SILIGOOT"	"monocrop_aviso"
620	38	303.68407326741	"SILIGOOT"	"monocrop_aviso"
633	39	314.467511101019	"SILIGOOT"	"monocrop_aviso"
642	40	321.154951688633	"SILIGOOT"	"monocrop_aviso"
654	41	329.130831603774	"SILIGOOT"	"monocrop_aviso"
667	42	336.639828053001	"SILIGOOT"	"monocrop_aviso"
679	43	342.619113152583	"SILIGOOT"	"monocrop_aviso"
691	44	347.777743349342	"SILIGOOT"	"monocrop_aviso"
704	45	352.54523651294	"SILIGOOT"	"monocrop_aviso"
717	46	356.566445847708	"SILIGOOT"	"monocrop_aviso"
728	47	359.462440874105	"SILIGOOT"	"monocrop_aviso"
739	48	361.95463146931	"SILIGOOT"	"monocrop_aviso"
751	49	364.273343322838	"SILIGOOT"	"monocrop_aviso"
762	50	366.081756633288	"SILIGOOT"	"monocrop_aviso"
769	51	367.094201015258	"SILIGOOT"	"monocrop_aviso"
779	52	368.375841721067	"SILIGOOT"	"monocrop_aviso"
791	53	369.689420836698	"SILIGOOT"	"monocrop_aviso"
801	54	370.622688465959	"SILIGOOT"	"monocrop_aviso"
810	55	371.354119895204	"SILIGOOT"	"monocrop_aviso"
819	56	371.995463685114	"SILIGOOT"	"monocrop_aviso"
828	57	372.557556013	"SILIGOOT"	"monocrop_aviso"
836	58	372.998442993178	"SILIGOOT"	"monocrop_aviso"
844	59	373.390301694848	"SILIGOOT"	"monocrop_aviso"
854	60	373.819297121542	"SILIGOOT"	"monocrop_aviso"
868	61	374.322570495046	"SILIGOOT"	"monocrop_aviso"
880	62	374.678095098518	"SILIGOOT"	"monocrop_aviso"
890	63	374.929562930914	"SILIGOOT"	"monocrop_aviso"
900	64	375.146241240506	"SILIGOOT"	"monocrop_aviso"
909	65	375.31547165288	"SILIGOOT"	"monocrop_aviso"
920	66	375.493703158776	"SILIGOOT"	"monocrop_aviso"
932	67	375.657487249744	"SILIGOOT"	"monocrop_aviso"
942	68	375.773232719964	"SILIGOOT"	"monocrop_aviso"
952	69	375.872897949524	"SILIGOOT"	"monocrop_aviso"
959	70	375.934301278778	"SILIGOOT"	"monocrop_aviso"
967	71	375.997032173363	"SILIGOOT"	"monocrop_aviso"
976	72	376.059179103044	"SILIGOOT"	"monocrop_aviso"
980	73	376.084222122163	"SILIGOOT"	"monocrop_aviso"
983	74	376.102043678936	"SILIGOOT"	"monocrop_aviso"
988	75	376.130022462349	"SILIGOOT"	"monocrop_aviso"
993	76	376.15598137263	"SILIGOOT"	"monocrop_aviso"
998	77	376.180065980962	"SILIGOOT"	"monocrop_aviso"
1001	78	376.19367370101	"SILIGOOT"	"monocrop_aviso"
1003	79	376.202411402064	"SILIGOOT"	"monocrop_aviso"
1003	80	376.202411402064	"SILIGOOT"	"monocrop_aviso"
1004	81	376.206682982329	"SILIGOOT"	"monocrop_aviso"
1009	82	376.227106107595	"SILIGOOT"	"monocrop_aviso"
1016	83	376.25324434541	"SILIGOOT"	"monocrop_aviso"
1021	84	376.270304173734	"SILIGOOT"	"monocrop_aviso"
1026	85	376.286131515032	"SILIGOOT"	"monocrop_aviso"
1034	86	376.309111290312	"SILIGOOT"	"monocrop_aviso"
1043	87	376.331872352381	"SILIGOOT"	"monocrop_aviso"
1053	88	376.353806979198	"SILIGOOT"	"monocrop_aviso"
1064	89	376.374422196303	"SILIGOOT"	"monocrop_aviso"
1075	90	376.39190059509	"SILIGOOT"	"monocrop_aviso"
1082	91	376.401611425371	"SILIGOOT"	"monocrop_aviso"
1089	92	376.410353834939	"SILIGOOT"	"monocrop_aviso"
1097	93	376.419282729505	"SILIGOOT"	"monocrop_aviso"
1104	94	376.426262737971	"SILIGOOT"	"monocrop_aviso"
1108	95	376.429934127501	"SILIGOOT"	"monocrop_aviso"
1109	96	376.430818045978	"SILIGOOT"	"monocrop_aviso"
1115	97	376.435851774793	"SILIGOOT"	"monocrop_aviso"
1121	98	376.440451960373	"SILIGOOT"	"monocrop_aviso"
1131	99	376.44725543631	"SILIGOOT"	"monocrop_aviso"
1140	100	376.452563804254	"SILIGOOT"	"monocrop_aviso"
1150	101	376.45767896387	"SILIGOOT"	"monocrop_aviso"
1160	102	376.462081073705	"SILIGOOT"	"monocrop_aviso"
1170	103	376.465869519064	"SILIGOOT"	"monocrop_aviso"
1180	104	376.46912983633	"SILIGOOT"	"monocrop_aviso"
1188	105	376.471407664983	"SILIGOOT"	"monocrop_aviso"
1197	106	376.47366356703	"SILIGOOT"	"monocrop_aviso"
1207	107	376.475837326542	"SILIGOOT"	"monocrop_aviso"
1215	108	376.47735602151	"SILIGOOT"	"monocrop_aviso"
1224	109	376.478860091331	"SILIGOOT"	"monocrop_aviso"
19	1	0	"SILIGOOT"	"monocrop_vigo"
39	2	0	"SILIGOOT"	"monocrop_vigo"
58	3	0	"SILIGOOT"	"monocrop_vigo"
79	4	0	"SILIGOOT"	"monocrop_vigo"
98	5	0	"SILIGOOT"	"monocrop_vigo"
115	6	0.408410838671761	"SILIGOOT"	"monocrop_vigo"
134	7	0.564862672530829	"SILIGOOT"	"monocrop_vigo"
149	8	0.729639144126086	"SILIGOOT"	"monocrop_vigo"
163	9	0.926472312351268	"SILIGOOT"	"monocrop_vigo"
177	10	1.17630490518407	"SILIGOOT"	"monocrop_vigo"
190	11	1.46811302182602	"SILIGOOT"	"monocrop_vigo"
206	12	1.92813717338091	"SILIGOOT"	"monocrop_vigo"
224	13	2.6193436584226	"SILIGOOT"	"monocrop_vigo"
243	14	3.61785283125821	"SILIGOOT"	"monocrop_vigo"
262	15	4.99395214958242	"SILIGOOT"	"monocrop_vigo"
281	16	6.88768062830096	"SILIGOOT"	"monocrop_vigo"
296	17	8.87074671419497	"SILIGOOT"	"monocrop_vigo"
315	18	12.2056964311637	"SILIGOOT"	"monocrop_vigo"
335	19	17.0412936698936	"SILIGOOT"	"monocrop_vigo"
353	20	22.9512018079685	"SILIGOOT"	"monocrop_vigo"
365	21	27.9398378279329	"SILIGOOT"	"monocrop_vigo"
379	22	35.0657059038652	"SILIGOOT"	"monocrop_vigo"
393	23	43.8757347049796	"SILIGOOT"	"monocrop_vigo"
409	24	56.4241383386026	"SILIGOOT"	"monocrop_vigo"
428	25	75.4523426531153	"SILIGOOT"	"monocrop_vigo"
446	26	98.3496693610882	"SILIGOOT"	"monocrop_vigo"
465	27	128.333163175078	"SILIGOOT"	"monocrop_vigo"
483	28	162.543559505247	"SILIGOOT"	"monocrop_vigo"
501	29	202.171738816417	"SILIGOOT"	"monocrop_vigo"
522	30	254.030202114008	"SILIGOOT"	"monocrop_vigo"
534	31	285.483695093009	"SILIGOOT"	"monocrop_vigo"
543	32	309.4862786171	"SILIGOOT"	"monocrop_vigo"
551	33	330.8673725679	"SILIGOOT"	"monocrop_vigo"
560	34	354.715394854032	"SILIGOOT"	"monocrop_vigo"
574	35	390.764227109584	"SILIGOOT"	"monocrop_vigo"
592	36	433.975560808173	"SILIGOOT"	"monocrop_vigo"
607	37	466.356548075473	"SILIGOOT"	"monocrop_vigo"
620	38	491.35516921366	"SILIGOOT"	"monocrop_vigo"
633	39	513.394948291546	"SILIGOOT"	"monocrop_vigo"
642	40	526.940702285351	"SILIGOOT"	"monocrop_vigo"
654	41	542.916407616252	"SILIGOOT"	"monocrop_vigo"
667	42	557.716792834516	"SILIGOOT"	"monocrop_vigo"
679	43	569.284366905771	"SILIGOOT"	"monocrop_vigo"
691	44	579.068785720564	"SILIGOOT"	"monocrop_vigo"
704	45	587.913425635225	"SILIGOOT"	"monocrop_vigo"
717	46	595.194009739778	"SILIGOOT"	"monocrop_vigo"
728	47	600.315600175927	"SILIGOOT"	"monocrop_vigo"
739	48	604.627104819426	"SILIGOOT"	"monocrop_vigo"
751	49	608.545768894622	"SILIGOOT"	"monocrop_vigo"
762	50	611.530079002121	"SILIGOOT"	"monocrop_vigo"
769	51	613.169493648512	"SILIGOOT"	"monocrop_vigo"
779	52	615.208440854853	"SILIGOOT"	"monocrop_vigo"
791	53	617.250627216068	"SILIGOOT"	"monocrop_vigo"
801	54	618.668092127252	"SILIGOOT"	"monocrop_vigo"
810	55	619.756864933237	"SILIGOOT"	"monocrop_vigo"
819	56	620.693540099239	"SILIGOOT"	"monocrop_vigo"
828	57	621.498993320391	"SILIGOOT"	"monocrop_vigo"
836	58	622.119485339801	"SILIGOOT"	"monocrop_vigo"
844	59	622.661734417014	"SILIGOOT"	"monocrop_vigo"
854	60	623.244260752758	"SILIGOOT"	"monocrop_vigo"
868	61	623.910755520588	"SILIGOOT"	"monocrop_vigo"
880	62	624.368809004844	"SILIGOOT"	"monocrop_vigo"
890	63	624.685354805258	"SILIGOOT"	"monocrop_vigo"
900	64	624.95244375477	"SILIGOOT"	"monocrop_vigo"
909	65	625.156922787619	"SILIGOOT"	"monocrop_vigo"
920	66	625.367840100273	"SILIGOOT"	"monocrop_vigo"
932	67	625.557068222397	"SILIGOOT"	"monocrop_vigo"
942	68	625.687742255678	"SILIGOOT"	"monocrop_vigo"
952	69	625.797939334361	"SILIGOOT"	"monocrop_vigo"
959	70	625.864629722088	"SILIGOOT"	"monocrop_vigo"
967	71	625.931708847192	"SILIGOOT"	"monocrop_vigo"
976	72	625.997001308807	"SILIGOOT"	"monocrop_vigo"
980	73	626.022953828525	"SILIGOOT"	"monocrop_vigo"
983	74	626.041288338823	"SILIGOOT"	"monocrop_vigo"
988	75	626.069835340481	"SILIGOOT"	"monocrop_vigo"
993	76	626.096047649681	"SILIGOOT"	"monocrop_vigo"
998	77	626.120116035019	"SILIGOOT"	"monocrop_vigo"
1001	78	626.133601477942	"SILIGOOT"	"monocrop_vigo"
1003	79	626.14221570436	"SILIGOOT"	"monocrop_vigo"
1003	80	626.14221570436	"SILIGOOT"	"monocrop_vigo"
1004	81	626.146413790756	"SILIGOOT"	"monocrop_vigo"
1009	82	626.166362229869	"SILIGOOT"	"monocrop_vigo"
1016	83	626.191578632988	"SILIGOOT"	"monocrop_vigo"
1021	84	626.207832073919	"SILIGOOT"	"monocrop_vigo"
1026	85	626.222755678582	"SILIGOOT"	"monocrop_vigo"
1034	86	626.244135477434	"SILIGOOT"	"monocrop_vigo"
1043	87	626.264942822989	"SILIGOOT"	"monocrop_vigo"
1053	88	626.284604720483	"SILIGOOT"	"monocrop_vigo"
1064	89	626.302687258382	"SILIGOOT"	"monocrop_vigo"
1075	90	626.317672966388	"SILIGOOT"	"monocrop_vigo"
1082	91	626.325843508851	"SILIGOOT"	"monocrop_vigo"
1089	92	626.333093393533	"SILIGOOT"	"monocrop_vigo"
1097	93	626.34038414853	"SILIGOOT"	"monocrop_vigo"
1104	94	626.345995539332	"SILIGOOT"	"monocrop_vigo"
1108	95	626.348913380429	"SILIGOOT"	"monocrop_vigo"
1109	96	626.349612221388	"SILIGOOT"	"monocrop_vigo"
1115	97	626.353563633939	"SILIGOOT"	"monocrop_vigo"
1121	98	626.357130162803	"SILIGOOT"	"monocrop_vigo"
1131	99	626.362319229595	"SILIGOOT"	"monocrop_vigo"
1140	100	626.366288957618	"SILIGOOT"	"monocrop_vigo"
1150	101	626.370039955252	"SILIGOOT"	"monocrop_vigo"
1160	102	626.373201979352	"SILIGOOT"	"monocrop_vigo"
1170	103	626.375867504651	"SILIGOOT"	"monocrop_vigo"
1180	104	626.378114487758	"SILIGOOT"	"monocrop_vigo"
1188	105	626.379655246502	"SILIGOOT"	"monocrop_vigo"
1197	106	626.381154657035	"SILIGOOT"	"monocrop_vigo"
1207	107	626.382571439794	"SILIGOOT"	"monocrop_vigo"
1215	108	626.383542927092	"SILIGOOT"	"monocrop_vigo"
1224	109	626.384488341603	"SILIGOOT"	"monocrop_vigo"
0	0	0	"SILIGOOT"	"monocrop_faba"
-1	0	0	"SILIGOOT"	"monocrop_faba"
-2	0	0	"SILIGOOT"	"monocrop_faba"
-3	0	0	"SILIGOOT"	"monocrop_faba"
-4	0	0	"SILIGOOT"	"monocrop_faba"
-5	0	0	"SILIGOOT"	"monocrop_faba"
19	1	0	"SILIGOOT"	"monocrop_faba"
35	2	0	"SILIGOOT"	"monocrop_faba"
49	3	0	"SILIGOOT"	"monocrop_faba"
62	4	0	"SILIGOOT"	"monocrop_faba"
75	5	0	"SILIGOOT"	"monocrop_faba"
91	6	0	"SILIGOOT"	"monocrop_faba"
110	7	0.529994995780437	"SILIGOOT"	"monocrop_faba"
129	8	0.731342246674566	"SILIGOOT"	"monocrop_faba"
147	9	0.991995957239046	"SILIGOOT"	"monocrop_faba"
166	10	1.36807721868985	"SILIGOOT"	"monocrop_faba"
181	11	1.76271647262226	"SILIGOOT"	"monocrop_faba"
200	12	2.42867533040224	"SILIGOOT"	"monocrop_faba"
221	13	3.45769874546991	"SILIGOOT"	"monocrop_faba"
238	14	4.59768273819595	"SILIGOOT"	"monocrop_faba"
250	15	5.61797205926409	"SILIGOOT"	"monocrop_faba"
264	16	7.09107616382031	"SILIGOOT"	"monocrop_faba"
278	17	8.93901216116499	"SILIGOOT"	"monocrop_faba"
295	18	11.8159409321206	"SILIGOOT"	"monocrop_faba"
313	19	15.8234702770988	"SILIGOOT"	"monocrop_faba"
331	20	21.0932681602475	"SILIGOOT"	"monocrop_faba"
350	21	28.3845089784782	"SILIGOOT"	"monocrop_faba"
369	22	37.8629886460216	"SILIGOOT"	"monocrop_faba"
387	23	49.2341157346164	"SILIGOOT"	"monocrop_faba"
408	24	65.817072178367	"SILIGOOT"	"monocrop_faba"
419	25	75.9955319422499	"SILIGOOT"	"monocrop_faba"
428	26	85.0743354916179	"SILIGOOT"	"monocrop_faba"
436	27	93.6837187379286	"SILIGOOT"	"monocrop_faba"
445	28	103.927328518971	"SILIGOOT"	"monocrop_faba"
459	29	120.860612373209	"SILIGOOT"	"monocrop_faba"
477	30	143.862488686278	"SILIGOOT"	"monocrop_faba"
493	31	164.723989832553	"SILIGOOT"	"monocrop_faba"
505	32	180.149979624762	"SILIGOOT"	"monocrop_faba"
518	33	196.257215841595	"SILIGOOT"	"monocrop_faba"
527	34	206.869100489612	"SILIGOOT"	"monocrop_faba"
540	35	221.217947270308	"SILIGOOT"	"monocrop_faba"
552	36	233.294415958253	"SILIGOOT"	"monocrop_faba"
565	37	245.01676391982	"SILIGOOT"	"monocrop_faba"
576	38	253.813434424224	"SILIGOOT"	"monocrop_faba"
589	39	262.917545622615	"SILIGOOT"	"monocrop_faba"
602	40	270.703942263088	"SILIGOOT"	"monocrop_faba"
613	41	276.348998900917	"SILIGOOT"	"monocrop_faba"
624	42	281.213973062264	"SILIGOOT"	"monocrop_faba"
636	43	285.729077383151	"SILIGOOT"	"monocrop_faba"
647	44	289.229717565738	"SILIGOOT"	"monocrop_faba"
654	45	291.176421134639	"SILIGOOT"	"monocrop_faba"
665	46	293.846155320944	"SILIGOOT"	"monocrop_faba"
676	47	296.098411645853	"SILIGOOT"	"monocrop_faba"
686	48	297.834324722883	"SILIGOOT"	"monocrop_faba"
695	49	299.177390152196	"SILIGOOT"	"monocrop_faba"
704	50	300.339791594681	"SILIGOOT"	"monocrop_faba"
713	51	301.344665854365	"SILIGOOT"	"monocrop_faba"
721	52	302.122252728019	"SILIGOOT"	"monocrop_faba"
729	53	302.804346086684	"SILIGOOT"	"monocrop_faba"
740	54	303.606958709264	"SILIGOOT"	"monocrop_faba"
753	55	304.385107667677	"SILIGOOT"	"monocrop_faba"
765	56	304.96844553413	"SILIGOOT"	"monocrop_faba"
775	57	305.372822421484	"SILIGOOT"	"monocrop_faba"
785	58	305.714875395214	"SILIGOOT"	"monocrop_faba"
794	59	305.97731460422	"SILIGOOT"	"monocrop_faba"
805	60	306.24857753027	"SILIGOOT"	"monocrop_faba"
818	61	306.510662586698	"SILIGOOT"	"monocrop_faba"
828	62	306.676593678277	"SILIGOOT"	"monocrop_faba"
838	63	306.816748042708	"SILIGOOT"	"monocrop_faba"
844	64	306.89015252835	"SILIGOOT"	"monocrop_faba"
853	65	306.987197688884	"SILIGOOT"	"monocrop_faba"
861	66	307.061891429688	"SILIGOOT"	"monocrop_faba"
866	67	307.103692269101	"SILIGOOT"	"monocrop_faba"
868	68	307.119446698678	"SILIGOOT"	"monocrop_faba"
874	69	307.163631594572	"SILIGOOT"	"monocrop_faba"
878	70	307.190689964757	"SILIGOOT"	"monocrop_faba"
883	71	307.222033761357	"SILIGOOT"	"monocrop_faba"
886	72	307.239604363882	"SILIGOOT"	"monocrop_faba"
888	73	307.250831561156	"SILIGOOT"	"monocrop_faba"
888	74	307.250831561156	"SILIGOOT"	"monocrop_faba"
889	75	307.256304065482	"SILIGOOT"	"monocrop_faba"
894	76	307.282317607002	"SILIGOOT"	"monocrop_faba"
901	77	307.315224225134	"SILIGOOT"	"monocrop_faba"
907	78	307.34048288625	"SILIGOOT"	"monocrop_faba"
911	79	307.355949489324	"SILIGOOT"	"monocrop_faba"
919	80	307.383906065416	"SILIGOOT"	"monocrop_faba"
929	81	307.413917347282	"SILIGOOT"	"monocrop_faba"
939	82	307.439245767753	"SILIGOOT"	"monocrop_faba"
949	83	307.460621424317	"SILIGOOT"	"monocrop_faba"
960	84	307.480301978816	"SILIGOOT"	"monocrop_faba"
968	85	307.492475476801	"SILIGOOT"	"monocrop_faba"
974	86	307.500580065188	"SILIGOOT"	"monocrop_faba"
982	87	307.510178768413	"SILIGOOT"	"monocrop_faba"
989	88	307.5175722737	"SILIGOOT"	"monocrop_faba"
993	89	307.521418997232	"SILIGOOT"	"monocrop_faba"
994	90	307.522340551216	"SILIGOOT"	"monocrop_faba"
1000	91	307.527553089098	"SILIGOOT"	"monocrop_faba"
1007	92	307.532999851072	"SILIGOOT"	"monocrop_faba"
1016	93	307.539115780332	"SILIGOOT"	"monocrop_faba"
1026	94	307.544900322319	"SILIGOOT"	"monocrop_faba"
1035	95	307.549329875351	"SILIGOOT"	"monocrop_faba"
1045	96	307.5535193715	"SILIGOOT"	"monocrop_faba"
1056	97	307.557376224017	"SILIGOOT"	"monocrop_faba"
1065	98	307.560037738199	"SILIGOOT"	"monocrop_faba"
1073	99	307.562085138647	"SILIGOOT"	"monocrop_faba"
1083	100	307.564282631399	"SILIGOOT"	"monocrop_faba"
1092	101	307.565965342014	"SILIGOOT"	"monocrop_faba"
1101	102	307.567409566461	"SILIGOOT"	"monocrop_faba"
1109	103	307.568520544976	"SILIGOOT"	"monocrop_faba"
19	1	0	"SILIGOOT"	"intercrop_aviso_RRF"
39	2	0	"SILIGOOT"	"intercrop_aviso_RRF"
58	3	0	"SILIGOOT"	"intercrop_aviso_RRF"
79	4	0	"SILIGOOT"	"intercrop_aviso_RRF"
98	5	0	"SILIGOOT"	"intercrop_aviso_RRF"
115	6	0.44394576048509	"SILIGOOT"	"intercrop_aviso_RRF"
134	7	0.613016789294714	"SILIGOOT"	"intercrop_aviso_RRF"
149	8	0.790811855114433	"SILIGOOT"	"intercrop_aviso_RRF"
163	9	1.00290779072215	"SILIGOOT"	"intercrop_aviso_RRF"
177	10	1.27174528196785	"SILIGOOT"	"intercrop_aviso_RRF"
190	11	1.58532111472047	"SILIGOOT"	"intercrop_aviso_RRF"
206	12	2.0788842629074	"SILIGOOT"	"intercrop_aviso_RRF"
224	13	2.81901971901274	"SILIGOOT"	"intercrop_aviso_RRF"
243	14	3.88568246553573	"SILIGOOT"	"intercrop_aviso_RRF"
262	15	5.35167425762743	"SILIGOOT"	"intercrop_aviso_RRF"
281	16	7.36267808679889	"SILIGOOT"	"intercrop_aviso_RRF"
296	17	9.46159241715885	"SILIGOOT"	"intercrop_aviso_RRF"
315	18	12.9771122731929	"SILIGOOT"	"intercrop_aviso_RRF"
335	19	18.0459138799512	"SILIGOOT"	"intercrop_aviso_RRF"
353	20	24.1988138763929	"SILIGOOT"	"intercrop_aviso_RRF"
365	21	29.3588874290936	"SILIGOOT"	"intercrop_aviso_RRF"
379	22	36.678876698459	"SILIGOOT"	"intercrop_aviso_RRF"
393	23	45.6498799556618	"SILIGOOT"	"intercrop_aviso_RRF"
409	24	58.2833224079013	"SILIGOOT"	"intercrop_aviso_RRF"
428	25	77.1323401182702	"SILIGOOT"	"intercrop_aviso_RRF"
446	26	99.3463300062027	"SILIGOOT"	"intercrop_aviso_RRF"
465	27	127.704246828286	"SILIGOOT"	"intercrop_aviso_RRF"
483	28	159.104691781611	"SILIGOOT"	"intercrop_aviso_RRF"
501	29	194.281684641222	"SILIGOOT"	"intercrop_aviso_RRF"
522	30	238.505077509711	"SILIGOOT"	"intercrop_aviso_RRF"
534	31	264.390049993738	"SILIGOOT"	"intercrop_aviso_RRF"
543	32	283.692038252109	"SILIGOOT"	"intercrop_aviso_RRF"
551	33	300.569222892896	"SILIGOOT"	"intercrop_aviso_RRF"
560	34	319.05328609652	"SILIGOOT"	"intercrop_aviso_RRF"
574	35	346.338658416672	"SILIGOOT"	"intercrop_aviso_RRF"
592	36	378.056206826724	"SILIGOOT"	"intercrop_aviso_RRF"
607	37	401.154711011022	"SILIGOOT"	"intercrop_aviso_RRF"
620	38	418.614196031156	"SILIGOOT"	"intercrop_aviso_RRF"
633	39	433.748829464465	"SILIGOOT"	"intercrop_aviso_RRF"
642	40	442.934648720509	"SILIGOOT"	"intercrop_aviso_RRF"
654	41	453.658470027053	"SILIGOOT"	"intercrop_aviso_RRF"
667	42	463.490642235624	"SILIGOOT"	"intercrop_aviso_RRF"
679	43	471.108884956488	"SILIGOOT"	"intercrop_aviso_RRF"
691	44	477.509077790822	"SILIGOOT"	"intercrop_aviso_RRF"
704	45	483.261524123451	"SILIGOOT"	"intercrop_aviso_RRF"
717	46	487.974356587466	"SILIGOOT"	"intercrop_aviso_RRF"
728	47	491.27822957541	"SILIGOOT"	"intercrop_aviso_RRF"
739	48	494.052704152806	"SILIGOOT"	"intercrop_aviso_RRF"
751	49	496.569403455367	"SILIGOOT"	"intercrop_aviso_RRF"
762	50	498.483170733999	"SILIGOOT"	"intercrop_aviso_RRF"
769	51	499.533561646862	"SILIGOOT"	"intercrop_aviso_RRF"
779	52	500.839153111484	"SILIGOOT"	"intercrop_aviso_RRF"
791	53	502.146121598623	"SILIGOOT"	"intercrop_aviso_RRF"
801	54	503.053002942856	"SILIGOOT"	"intercrop_aviso_RRF"
810	55	503.749524571782	"SILIGOOT"	"intercrop_aviso_RRF"
819	56	504.348763495756	"SILIGOOT"	"intercrop_aviso_RRF"
828	57	504.864120363052	"SILIGOOT"	"intercrop_aviso_RRF"
836	58	505.261212804461	"SILIGOOT"	"intercrop_aviso_RRF"
844	59	505.608319548983	"SILIGOOT"	"intercrop_aviso_RRF"
854	60	505.981336025795	"SILIGOOT"	"intercrop_aviso_RRF"
868	61	506.40834996142	"SILIGOOT"	"intercrop_aviso_RRF"
880	62	506.702017332541	"SILIGOOT"	"intercrop_aviso_RRF"
890	63	506.905089950657	"SILIGOOT"	"intercrop_aviso_RRF"
900	64	507.07653972293	"SILIGOOT"	"intercrop_aviso_RRF"
909	65	507.207879372919	"SILIGOOT"	"intercrop_aviso_RRF"
920	66	507.343444610259	"SILIGOOT"	"intercrop_aviso_RRF"
932	67	507.465165950358	"SILIGOOT"	"intercrop_aviso_RRF"
942	68	507.549288567123	"SILIGOOT"	"intercrop_aviso_RRF"
952	69	507.620280689859	"SILIGOOT"	"intercrop_aviso_RRF"
959	70	507.663271836706	"SILIGOOT"	"intercrop_aviso_RRF"
967	71	507.706537831919	"SILIGOOT"	"intercrop_aviso_RRF"
976	72	507.748678471616	"SILIGOOT"	"intercrop_aviso_RRF"
980	73	507.765437009264	"SILIGOOT"	"intercrop_aviso_RRF"
983	74	507.777279494882	"SILIGOOT"	"intercrop_aviso_RRF"
988	75	507.795724002352	"SILIGOOT"	"intercrop_aviso_RRF"
993	76	507.812666586744	"SILIGOOT"	"intercrop_aviso_RRF"
998	77	507.828229460233	"SILIGOOT"	"intercrop_aviso_RRF"
1001	78	507.83695202075	"SILIGOOT"	"intercrop_aviso_RRF"
1003	79	507.842524904341	"SILIGOOT"	"intercrop_aviso_RRF"
1003	80	507.842524904341	"SILIGOOT"	"intercrop_aviso_RRF"
1004	81	507.845241131406	"SILIGOOT"	"intercrop_aviso_RRF"
1009	82	507.858151075419	"SILIGOOT"	"intercrop_aviso_RRF"
1016	83	507.874477898957	"SILIGOOT"	"intercrop_aviso_RRF"
1021	84	507.885006481764	"SILIGOOT"	"intercrop_aviso_RRF"
1026	85	507.89467744027	"SILIGOOT"	"intercrop_aviso_RRF"
1034	86	507.908539271118	"SILIGOOT"	"intercrop_aviso_RRF"
1043	87	507.922039009732	"SILIGOOT"	"intercrop_aviso_RRF"
1053	88	507.934805192844	"SILIGOOT"	"intercrop_aviso_RRF"
1064	89	507.94655572105	"SILIGOOT"	"intercrop_aviso_RRF"
1075	90	507.956302405262	"SILIGOOT"	"intercrop_aviso_RRF"
1082	91	507.961620387606	"SILIGOOT"	"intercrop_aviso_RRF"
1089	92	507.966341786963	"SILIGOOT"	"intercrop_aviso_RRF"
1097	93	507.971092652198	"SILIGOOT"	"intercrop_aviso_RRF"
1104	94	507.974751404551	"SILIGOOT"	"intercrop_aviso_RRF"
1108	95	507.976654750398	"SILIGOOT"	"intercrop_aviso_RRF"
1109	96	507.977110705886	"SILIGOOT"	"intercrop_aviso_RRF"
1115	97	507.97968950178	"SILIGOOT"	"intercrop_aviso_RRF"
1121	98	507.982018236196	"SILIGOOT"	"intercrop_aviso_RRF"
1131	99	507.985408550509	"SILIGOOT"	"intercrop_aviso_RRF"
1140	100	507.988004191853	"SILIGOOT"	"intercrop_aviso_RRF"
1150	101	507.99045868742	"SILIGOOT"	"intercrop_aviso_RRF"
1160	102	507.992529452252	"SILIGOOT"	"intercrop_aviso_RRF"
1170	103	507.994276475582	"SILIGOOT"	"intercrop_aviso_RRF"
1180	104	507.995750369131	"SILIGOOT"	"intercrop_aviso_RRF"
1188	105	507.996761758081	"SILIGOOT"	"intercrop_aviso_RRF"
1197	106	507.997746678815	"SILIGOOT"	"intercrop_aviso_RRF"
1207	107	507.998678035786	"SILIGOOT"	"intercrop_aviso_RRF"
1215	108	507.999317133808	"SILIGOOT"	"intercrop_aviso_RRF"
1224	109	507.999939505629	"SILIGOOT"	"intercrop_aviso_RRF"
0	0	0	"SILIGOOT"	"intercrop_faba_aviso_RRF"
-1	0	0	"SILIGOOT"	"intercrop_faba_aviso_RRF"
-2	0	0	"SILIGOOT"	"intercrop_faba_aviso_RRF"
-3	0	0	"SILIGOOT"	"intercrop_faba_aviso_RRF"
-4	0	0	"SILIGOOT"	"intercrop_faba_aviso_RRF"
-5	0	0	"SILIGOOT"	"intercrop_faba_aviso_RRF"
19	1	0	"SILIGOOT"	"intercrop_faba_aviso_RRF"
35	2	0	"SILIGOOT"	"intercrop_faba_aviso_RRF"
49	3	0	"SILIGOOT"	"intercrop_faba_aviso_RRF"
62	4	0	"SILIGOOT"	"intercrop_faba_aviso_RRF"
75	5	0	"SILIGOOT"	"intercrop_faba_aviso_RRF"
91	6	0	"SILIGOOT"	"intercrop_faba_aviso_RRF"
110	7	0.358703719149392	"SILIGOOT"	"intercrop_faba_aviso_RRF"
129	8	0.504439420374	"SILIGOOT"	"intercrop_faba_aviso_RRF"
147	9	0.696623334799238	"SILIGOOT"	"intercrop_faba_aviso_RRF"
166	10	0.979132412033415	"SILIGOOT"	"intercrop_faba_aviso_RRF"
181	11	1.28064201507409	"SILIGOOT"	"intercrop_faba_aviso_RRF"
200	12	1.79835077282648	"SILIGOOT"	"intercrop_faba_aviso_RRF"
221	13	2.61473482295443	"SILIGOOT"	"intercrop_faba_aviso_RRF"
238	14	3.53649734020527	"SILIGOOT"	"intercrop_faba_aviso_RRF"
250	15	4.37347592085461	"SILIGOOT"	"intercrop_faba_aviso_RRF"
264	16	5.5979168135311	"SILIGOOT"	"intercrop_faba_aviso_RRF"
278	17	7.15556195736216	"SILIGOOT"	"intercrop_faba_aviso_RRF"
295	18	9.61822768433658	"SILIGOOT"	"intercrop_faba_aviso_RRF"
313	19	13.1071354773884	"SILIGOOT"	"intercrop_faba_aviso_RRF"
331	20	17.7717195326403	"SILIGOOT"	"intercrop_faba_aviso_RRF"
350	21	24.3287642938633	"SILIGOOT"	"intercrop_faba_aviso_RRF"
369	22	32.9755208342393	"SILIGOOT"	"intercrop_faba_aviso_RRF"
387	23	43.4652509066011	"SILIGOOT"	"intercrop_faba_aviso_RRF"
408	24	58.8806336225285	"SILIGOOT"	"intercrop_faba_aviso_RRF"
419	25	68.3661254847675	"SILIGOOT"	"intercrop_faba_aviso_RRF"
428	26	76.8213199014969	"SILIGOOT"	"intercrop_faba_aviso_RRF"
436	27	84.823219780117	"SILIGOOT"	"intercrop_faba_aviso_RRF"
445	28	94.3112077398434	"SILIGOOT"	"intercrop_faba_aviso_RRF"
459	29	109.884576330477	"SILIGOOT"	"intercrop_faba_aviso_RRF"
477	30	130.740104681805	"SILIGOOT"	"intercrop_faba_aviso_RRF"
493	31	149.276323024414	"SILIGOOT"	"intercrop_faba_aviso_RRF"
505	32	162.708399586043	"SILIGOOT"	"intercrop_faba_aviso_RRF"
518	33	176.452321774082	"SILIGOOT"	"intercrop_faba_aviso_RRF"
527	34	185.335675539806	"SILIGOOT"	"intercrop_faba_aviso_RRF"
540	35	197.112001144067	"SILIGOOT"	"intercrop_faba_aviso_RRF"
552	36	206.797239587739	"SILIGOOT"	"intercrop_faba_aviso_RRF"
565	37	215.983724301008	"SILIGOOT"	"intercrop_faba_aviso_RRF"
576	38	222.727024396362	"SILIGOOT"	"intercrop_faba_aviso_RRF"
589	39	229.558295906552	"SILIGOOT"	"intercrop_faba_aviso_RRF"
602	40	235.2706651252	"SILIGOOT"	"intercrop_faba_aviso_RRF"
613	41	239.329624366867	"SILIGOOT"	"intercrop_faba_aviso_RRF"
624	42	242.766532413225	"SILIGOOT"	"intercrop_faba_aviso_RRF"
636	43	245.900415211902	"SILIGOOT"	"intercrop_faba_aviso_RRF"
647	44	248.289094011876	"SILIGOOT"	"intercrop_faba_aviso_RRF"
654	45	249.600305476253	"SILIGOOT"	"intercrop_faba_aviso_RRF"
665	46	251.376537666522	"SILIGOOT"	"intercrop_faba_aviso_RRF"
676	47	252.85311131487	"SILIGOOT"	"intercrop_faba_aviso_RRF"
686	48	253.975756509948	"SILIGOOT"	"intercrop_faba_aviso_RRF"
695	49	254.833988087599	"SILIGOOT"	"intercrop_faba_aviso_RRF"
704	50	255.568610639493	"SILIGOOT"	"intercrop_faba_aviso_RRF"
713	51	256.196850095867	"SILIGOOT"	"intercrop_faba_aviso_RRF"
721	52	256.678135067645	"SILIGOOT"	"intercrop_faba_aviso_RRF"
729	53	257.09642289973	"SILIGOOT"	"intercrop_faba_aviso_RRF"
740	54	257.583369548607	"SILIGOOT"	"intercrop_faba_aviso_RRF"
753	55	258.049218356026	"SILIGOOT"	"intercrop_faba_aviso_RRF"
765	56	258.393666487053	"SILIGOOT"	"intercrop_faba_aviso_RRF"
775	57	258.629602040518	"SILIGOOT"	"intercrop_faba_aviso_RRF"
785	58	258.827053135292	"SILIGOOT"	"intercrop_faba_aviso_RRF"
794	59	258.97702696247	"SILIGOOT"	"intercrop_faba_aviso_RRF"
805	60	259.130434423501	"SILIGOOT"	"intercrop_faba_aviso_RRF"
818	61	259.276822609791	"SILIGOOT"	"intercrop_faba_aviso_RRF"
828	62	259.368399801382	"SILIGOOT"	"intercrop_faba_aviso_RRF"
838	63	259.444960734358	"SILIGOOT"	"intercrop_faba_aviso_RRF"
844	64	259.484728378581	"SILIGOOT"	"intercrop_faba_aviso_RRF"
853	65	259.536906900548	"SILIGOOT"	"intercrop_faba_aviso_RRF"
861	66	259.576721416642	"SILIGOOT"	"intercrop_faba_aviso_RRF"
866	67	259.598855272952	"SILIGOOT"	"intercrop_faba_aviso_RRF"
868	68	259.607167620145	"SILIGOOT"	"intercrop_faba_aviso_RRF"
874	69	259.630387505964	"SILIGOOT"	"intercrop_faba_aviso_RRF"
878	70	259.644535132762	"SILIGOOT"	"intercrop_faba_aviso_RRF"
883	71	259.660849469769	"SILIGOOT"	"intercrop_faba_aviso_RRF"
886	72	259.669957930915	"SILIGOOT"	"intercrop_faba_aviso_RRF"
888	73	259.675763356361	"SILIGOOT"	"intercrop_faba_aviso_RRF"
888	74	259.675763356361	"SILIGOOT"	"intercrop_faba_aviso_RRF"
889	75	259.6785888329	"SILIGOOT"	"intercrop_faba_aviso_RRF"
894	76	259.691979759728	"SILIGOOT"	"intercrop_faba_aviso_RRF"
901	77	259.708817837841	"SILIGOOT"	"intercrop_faba_aviso_RRF"
907	78	259.721658260075	"SILIGOOT"	"intercrop_faba_aviso_RRF"
911	79	259.729481287731	"SILIGOOT"	"intercrop_faba_aviso_RRF"
919	80	259.743538040896	"SILIGOOT"	"intercrop_faba_aviso_RRF"
929	81	259.758493454591	"SILIGOOT"	"intercrop_faba_aviso_RRF"
939	82	259.770989790208	"SILIGOOT"	"intercrop_faba_aviso_RRF"
949	83	259.781431205785	"SILIGOOT"	"intercrop_faba_aviso_RRF"
960	84	259.790944773108	"SILIGOOT"	"intercrop_faba_aviso_RRF"
968	85	259.796773513441	"SILIGOOT"	"intercrop_faba_aviso_RRF"
974	86	259.80062692461	"SILIGOOT"	"intercrop_faba_aviso_RRF"
982	87	259.805159224153	"SILIGOOT"	"intercrop_faba_aviso_RRF"
989	88	259.808624247166	"SILIGOOT"	"intercrop_faba_aviso_RRF"
993	89	259.810417122382	"SILIGOOT"	"intercrop_faba_aviso_RRF"
994	90	259.810845563046	"SILIGOOT"	"intercrop_faba_aviso_RRF"
1000	91	259.813260632973	"SILIGOOT"	"intercrop_faba_aviso_RRF"
1007	92	259.815768015766	"SILIGOOT"	"intercrop_faba_aviso_RRF"
1016	93	259.818561277737	"SILIGOOT"	"intercrop_faba_aviso_RRF"
1026	94	259.82117844008	"SILIGOOT"	"intercrop_faba_aviso_RRF"
1035	95	259.823163672116	"SILIGOOT"	"intercrop_faba_aviso_RRF"
1045	96	259.825023735112	"SILIGOOT"	"intercrop_faba_aviso_RRF"
1056	97	259.826718401629	"SILIGOOT"	"intercrop_faba_aviso_RRF"
1065	98	259.827876228086	"SILIGOOT"	"intercrop_faba_aviso_RRF"
1073	99	259.828759394632	"SILIGOOT"	"intercrop_faba_aviso_RRF"
1083	100	259.829698924433	"SILIGOOT"	"intercrop_faba_aviso_RRF"
1092	101	259.830411590762	"SILIGOOT"	"intercrop_faba_aviso_RRF"
1101	102	259.831017814534	"SILIGOOT"	"intercrop_faba_aviso_RRF"
1109	103	259.831480228005	"SILIGOOT"	"intercrop_faba_aviso_RRF"
19	1	0	"SILIGOOT"	"intercrop_vigo"
39	2	0	"SILIGOOT"	"intercrop_vigo"
58	3	0	"SILIGOOT"	"intercrop_vigo"
79	4	0	"SILIGOOT"	"intercrop_vigo"
98	5	0	"SILIGOOT"	"intercrop_vigo"
115	6	0.807399372071547	"SILIGOOT"	"intercrop_vigo"
134	7	1.1312937911607	"SILIGOOT"	"intercrop_vigo"
149	8	1.47626972033159	"SILIGOOT"	"intercrop_vigo"
163	9	1.89229806454932	"SILIGOOT"	"intercrop_vigo"
177	10	2.42514768594971	"SILIGOOT"	"intercrop_vigo"
190	11	3.0528455390755	"SILIGOOT"	"intercrop_vigo"
206	12	4.05130337471391	"SILIGOOT"	"intercrop_vigo"
224	13	5.56662418538119	"SILIGOOT"	"intercrop_vigo"
243	14	7.7778103072766	"SILIGOOT"	"intercrop_vigo"
262	15	10.8531651826009	"SILIGOOT"	"intercrop_vigo"
281	16	15.1171170480908	"SILIGOOT"	"intercrop_vigo"
296	17	19.6035157978949	"SILIGOOT"	"intercrop_vigo"
315	18	27.1654211221715	"SILIGOOT"	"intercrop_vigo"
335	19	38.1128711488745	"SILIGOOT"	"intercrop_vigo"
353	20	51.3976325357626	"SILIGOOT"	"intercrop_vigo"
365	21	62.4942688674414	"SILIGOOT"	"intercrop_vigo"
379	22	78.121982217389	"SILIGOOT"	"intercrop_vigo"
393	23	97.042146406231	"SILIGOOT"	"intercrop_vigo"
409	24	123.175806597036	"SILIGOOT"	"intercrop_vigo"
428	25	160.933564894346	"SILIGOOT"	"intercrop_vigo"
446	26	203.432075114663	"SILIGOOT"	"intercrop_vigo"
465	27	254.51836014009	"SILIGOOT"	"intercrop_vigo"
483	28	307.071386796394	"SILIGOOT"	"intercrop_vigo"
501	29	361.233093494846	"SILIGOOT"	"intercrop_vigo"
522	30	422.84984303205	"SILIGOOT"	"intercrop_vigo"
534	31	455.857418412149	"SILIGOOT"	"intercrop_vigo"
543	32	479.111386057637	"SILIGOOT"	"intercrop_vigo"
551	33	498.542327597041	"SILIGOOT"	"intercrop_vigo"
560	34	518.901761009589	"SILIGOOT"	"intercrop_vigo"
574	35	547.282874379893	"SILIGOOT"	"intercrop_vigo"
592	36	577.91308993685	"SILIGOOT"	"intercrop_vigo"
607	37	598.710824565118	"SILIGOOT"	"intercrop_vigo"
620	38	613.621435649572	"SILIGOOT"	"intercrop_vigo"
633	39	625.994546714947	"SILIGOOT"	"intercrop_vigo"
642	40	633.256032603223	"SILIGOOT"	"intercrop_vigo"
654	41	641.495119349611	"SILIGOOT"	"intercrop_vigo"
667	42	648.820320596471	"SILIGOOT"	"intercrop_vigo"
679	43	654.341298165253	"SILIGOOT"	"intercrop_vigo"
691	44	658.870717628178	"SILIGOOT"	"intercrop_vigo"
704	45	662.852250664909	"SILIGOOT"	"intercrop_vigo"
717	46	666.046617388893	"SILIGOOT"	"intercrop_vigo"
728	47	668.246657789913	"SILIGOOT"	"intercrop_vigo"
739	48	670.066843584904	"SILIGOOT"	"intercrop_vigo"
751	49	671.694196358855	"SILIGOOT"	"intercrop_vigo"
762	50	672.914913112029	"SILIGOOT"	"intercrop_vigo"
769	51	673.578103362164	"SILIGOOT"	"intercrop_vigo"
779	52	674.394985332108	"SILIGOOT"	"intercrop_vigo"
791	53	675.203541786061	"SILIGOOT"	"intercrop_vigo"
801	54	675.758456632761	"SILIGOOT"	"intercrop_vigo"
810	55	676.180776064559	"SILIGOOT"	"intercrop_vigo"
819	56	676.541069905623	"SILIGOOT"	"intercrop_vigo"
828	57	676.848395350776	"SILIGOOT"	"intercrop_vigo"
836	58	677.083396663721	"SILIGOOT"	"intercrop_vigo"
844	59	677.287375791186	"SILIGOOT"	"intercrop_vigo"
854	60	677.504888634942	"SILIGOOT"	"intercrop_vigo"
868	61	677.751384576899	"SILIGOOT"	"intercrop_vigo"
880	62	677.919056867298	"SILIGOOT"	"intercrop_vigo"
890	63	678.033946584571	"SILIGOOT"	"intercrop_vigo"
900	64	678.130154034756	"SILIGOOT"	"intercrop_vigo"
909	65	678.203285414698	"SILIGOOT"	"intercrop_vigo"
920	66	678.278166080302	"SILIGOOT"	"intercrop_vigo"
932	67	678.344784064019	"SILIGOOT"	"intercrop_vigo"
942	68	678.390419498773	"SILIGOOT"	"intercrop_vigo"
952	69	678.428626961438	"SILIGOOT"	"intercrop_vigo"
959	70	678.451607877147	"SILIGOOT"	"intercrop_vigo"
967	71	678.474599451621	"SILIGOOT"	"intercrop_vigo"
976	72	678.496843859957	"SILIGOOT"	"intercrop_vigo"
980	73	678.505644243131	"SILIGOOT"	"intercrop_vigo"
983	74	678.511845928546	"SILIGOOT"	"intercrop_vigo"
988	75	678.521474836689	"SILIGOOT"	"intercrop_vigo"
993	76	678.53028502134	"SILIGOOT"	"intercrop_vigo"
998	77	678.53834607801	"SILIGOOT"	"intercrop_vigo"
1001	78	678.542849853176	"SILIGOOT"	"intercrop_vigo"
1003	79	678.545721689283	"SILIGOOT"	"intercrop_vigo"
1003	80	678.545721689283	"SILIGOOT"	"intercrop_vigo"
1004	81	678.547119775909	"SILIGOOT"	"intercrop_vigo"
1009	82	678.553749327749	"SILIGOOT"	"intercrop_vigo"
1016	83	678.562094482983	"SILIGOOT"	"intercrop_vigo"
1021	84	678.567450640251	"SILIGOOT"	"intercrop_vigo"
1026	85	678.572351316917	"SILIGOOT"	"intercrop_vigo"
1034	86	678.579340423251	"SILIGOOT"	"intercrop_vigo"
1043	87	678.586102088068	"SILIGOOT"	"intercrop_vigo"
1053	88	678.59244926848	"SILIGOOT"	"intercrop_vigo"
1064	89	678.598243999421	"SILIGOOT"	"intercrop_vigo"
1075	90	678.603009533694	"SILIGOOT"	"intercrop_vigo"
1082	91	678.605591337059	"SILIGOOT"	"intercrop_vigo"
1089	92	678.607871053886	"SILIGOOT"	"intercrop_vigo"
1097	93	678.61015168885	"SILIGOOT"	"intercrop_vigo"
1104	94	678.611897812101	"SILIGOOT"	"intercrop_vigo"
1108	95	678.612802264318	"SILIGOOT"	"intercrop_vigo"
1109	96	678.613018505623	"SILIGOOT"	"intercrop_vigo"
1115	97	678.614238248488	"SILIGOOT"	"intercrop_vigo"
1121	98	678.615334588254	"SILIGOOT"	"intercrop_vigo"
1131	99	678.616920925007	"SILIGOOT"	"intercrop_vigo"
1140	100	678.618126471005	"SILIGOOT"	"intercrop_vigo"
1150	101	678.619258100076	"SILIGOOT"	"intercrop_vigo"
1160	102	678.620205422367	"SILIGOOT"	"intercrop_vigo"
1170	103	678.620998455258	"SILIGOOT"	"intercrop_vigo"
1180	104	678.621662327427	"SILIGOOT"	"intercrop_vigo"
1188	105	678.622114685623	"SILIGOOT"	"intercrop_vigo"
1197	106	678.622552314753	"SILIGOOT"	"intercrop_vigo"
1207	107	678.622963110161	"SILIGOOT"	"intercrop_vigo"
1215	108	678.623243023316	"SILIGOOT"	"intercrop_vigo"
1224	109	678.623513822188	"SILIGOOT"	"intercrop_vigo"
0	0	0	"SILIGOOT"	"intercrop_faba_vigo"
-1	0	0	"SILIGOOT"	"intercrop_faba_vigo"
-2	0	0	"SILIGOOT"	"intercrop_faba_vigo"
-3	0	0	"SILIGOOT"	"intercrop_faba_vigo"
-4	0	0	"SILIGOOT"	"intercrop_faba_vigo"
-5	0	0	"SILIGOOT"	"intercrop_faba_vigo"
19	1	0	"SILIGOOT"	"intercrop_faba_vigo"
35	2	0	"SILIGOOT"	"intercrop_faba_vigo"
49	3	0	"SILIGOOT"	"intercrop_faba_vigo"
62	4	0	"SILIGOOT"	"intercrop_faba_vigo"
75	5	0	"SILIGOOT"	"intercrop_faba_vigo"
91	6	0	"SILIGOOT"	"intercrop_faba_vigo"
110	7	18.651584684472	"SILIGOOT"	"intercrop_faba_vigo"
129	8	20.3536821241522	"SILIGOOT"	"intercrop_faba_vigo"
147	9	22.0933313996373	"SILIGOOT"	"intercrop_faba_vigo"
166	10	24.0714340178175	"SILIGOOT"	"intercrop_faba_vigo"
181	11	25.7410155899379	"SILIGOOT"	"intercrop_faba_vigo"
200	12	27.9988404258134	"SILIGOOT"	"intercrop_faba_vigo"
221	13	30.6884051598693	"SILIGOOT"	"intercrop_faba_vigo"
238	14	33.0209182937297	"SILIGOOT"	"intercrop_faba_vigo"
250	15	34.7535919754022	"SILIGOOT"	"intercrop_faba_vigo"
264	16	36.8672281533982	"SILIGOOT"	"intercrop_faba_vigo"
278	17	39.0818739486154	"SILIGOOT"	"intercrop_faba_vigo"
295	18	41.9089902637926	"SILIGOOT"	"intercrop_faba_vigo"
313	19	45.0691602535393	"SILIGOOT"	"intercrop_faba_vigo"
331	20	48.4018235204605	"SILIGOOT"	"intercrop_faba_vigo"
350	21	52.1063321737008	"SILIGOOT"	"intercrop_faba_vigo"
369	22	56.0003036018	"SILIGOOT"	"intercrop_faba_vigo"
387	23	59.8601675447788	"SILIGOOT"	"intercrop_faba_vigo"
408	24	64.5658457539711	"SILIGOOT"	"intercrop_faba_vigo"
419	25	67.1140602675913	"SILIGOOT"	"intercrop_faba_vigo"
428	26	69.2397014429622	"SILIGOOT"	"intercrop_faba_vigo"
436	27	71.1588323817253	"SILIGOOT"	"intercrop_faba_vigo"
445	28	73.3499689110167	"SILIGOOT"	"intercrop_faba_vigo"
459	29	76.8225192524033	"SILIGOOT"	"intercrop_faba_vigo"
477	30	81.3928853996389	"SILIGOOT"	"intercrop_faba_vigo"
493	31	85.5442292955861	"SILIGOOT"	"intercrop_faba_vigo"
505	32	88.7054930617484	"SILIGOOT"	"intercrop_faba_vigo"
518	33	92.1698311593479	"SILIGOOT"	"intercrop_faba_vigo"
527	34	94.5888859553337	"SILIGOOT"	"intercrop_faba_vigo"
540	35	98.1075522514298	"SILIGOOT"	"intercrop_faba_vigo"
552	36	101.375578201637	"SILIGOOT"	"intercrop_faba_vigo"
565	37	104.93063733557	"SILIGOOT"	"intercrop_faba_vigo"
576	38	107.945228566058	"SILIGOOT"	"intercrop_faba_vigo"
589	39	111.508858620226	"SILIGOOT"	"intercrop_faba_vigo"
602	40	115.066223026712	"SILIGOOT"	"intercrop_faba_vigo"
613	41	118.065761621048	"SILIGOOT"	"intercrop_faba_vigo"
624	42	121.050811446924	"SILIGOOT"	"intercrop_faba_vigo"
636	43	124.285466141158	"SILIGOOT"	"intercrop_faba_vigo"
647	44	127.225941316722	"SILIGOOT"	"intercrop_faba_vigo"
654	45	129.082895714466	"SILIGOOT"	"intercrop_faba_vigo"
665	46	131.975642685359	"SILIGOOT"	"intercrop_faba_vigo"
676	47	134.834012992887	"SILIGOOT"	"intercrop_faba_vigo"
686	48	137.399568838551	"SILIGOOT"	"intercrop_faba_vigo"
695	49	139.679464977112	"SILIGOOT"	"intercrop_faba_vigo"
704	50	141.929901809487	"SILIGOOT"	"intercrop_faba_vigo"
713	51	144.149169241832	"SILIGOOT"	"intercrop_faba_vigo"
721	52	146.094388795355	"SILIGOOT"	"intercrop_faba_vigo"
729	53	148.012666912454	"SILIGOOT"	"intercrop_faba_vigo"
740	54	150.604528520853	"SILIGOOT"	"intercrop_faba_vigo"
753	55	153.596457259532	"SILIGOOT"	"intercrop_faba_vigo"
765	56	156.287065278897	"SILIGOOT"	"intercrop_faba_vigo"
775	57	158.475364623255	"SILIGOOT"	"intercrop_faba_vigo"
785	58	160.613503984065	"SILIGOOT"	"intercrop_faba_vigo"
794	59	162.494173696843	"SILIGOOT"	"intercrop_faba_vigo"
805	60	164.735769321593	"SILIGOOT"	"intercrop_faba_vigo"
818	61	167.303092651275	"SILIGOOT"	"intercrop_faba_vigo"
828	62	169.217095165749	"SILIGOOT"	"intercrop_faba_vigo"
838	63	171.077908132341	"SILIGOOT"	"intercrop_faba_vigo"
844	64	172.168823167046	"SILIGOOT"	"intercrop_faba_vigo"
853	65	173.76924558419	"SILIGOOT"	"intercrop_faba_vigo"
861	66	175.155694039173	"SILIGOOT"	"intercrop_faba_vigo"
866	67	176.004998696358	"SILIGOOT"	"intercrop_faba_vigo"
868	68	176.341020522354	"SILIGOOT"	"intercrop_faba_vigo"
874	69	177.336436447481	"SILIGOOT"	"intercrop_faba_vigo"
878	70	177.989537451002	"SILIGOOT"	"intercrop_faba_vigo"
883	71	178.794140059371	"SILIGOOT"	"intercrop_faba_vigo"
886	72	179.270645776601	"SILIGOOT"	"intercrop_faba_vigo"
888	73	179.585718371393	"SILIGOOT"	"intercrop_faba_vigo"
888	74	179.585718371393	"SILIGOOT"	"intercrop_faba_vigo"
889	75	179.742476953899	"SILIGOOT"	"intercrop_faba_vigo"
894	76	180.518515762925	"SILIGOOT"	"intercrop_faba_vigo"
901	77	181.583369729527	"SILIGOOT"	"intercrop_faba_vigo"
907	78	182.47619690295	"SILIGOOT"	"intercrop_faba_vigo"
911	79	183.061286640698	"SILIGOOT"	"intercrop_faba_vigo"
919	80	184.207373589607	"SILIGOOT"	"intercrop_faba_vigo"
929	81	185.595336852335	"SILIGOOT"	"intercrop_faba_vigo"
939	82	186.934491270995	"SILIGOOT"	"intercrop_faba_vigo"
949	83	188.22574886793	"SILIGOOT"	"intercrop_faba_vigo"
960	84	189.591965355772	"SILIGOOT"	"intercrop_faba_vigo"
968	85	190.550678620747	"SILIGOOT"	"intercrop_faba_vigo"
974	86	191.250793938195	"SILIGOOT"	"intercrop_faba_vigo"
982	87	192.159496531514	"SILIGOOT"	"intercrop_faba_vigo"
989	88	192.931778891135	"SILIGOOT"	"intercrop_faba_vigo"
993	89	193.363670245798	"SILIGOOT"	"intercrop_faba_vigo"
994	90	193.470584679104	"SILIGOOT"	"intercrop_faba_vigo"
1000	91	194.103267866329	"SILIGOOT"	"intercrop_faba_vigo"
1007	92	194.822566216695	"SILIGOOT"	"intercrop_faba_vigo"
1016	93	195.718184260966	"SILIGOOT"	"intercrop_faba_vigo"
1026	94	196.675747324873	"SILIGOOT"	"intercrop_faba_vigo"
1035	95	197.504670085676	"SILIGOOT"	"intercrop_faba_vigo"
1045	96	198.390227108764	"SILIGOOT"	"intercrop_faba_vigo"
1056	97	199.32256163395	"SILIGOOT"	"intercrop_faba_vigo"
1065	98	200.053869213333	"SILIGOOT"	"intercrop_faba_vigo"
1073	99	200.680842276823	"SILIGOOT"	"intercrop_faba_vigo"
1083	100	201.434938179842	"SILIGOOT"	"intercrop_faba_vigo"
1092	101	202.086353760853	"SILIGOOT"	"intercrop_faba_vigo"
1101	102	202.712776763569	"SILIGOOT"	"intercrop_faba_vigo"
1109	103	203.249263565829	"SILIGOOT"	"intercrop_faba_vigo"
